Maintained by Spivey Consulting Group - *Note: Sorted by 2025 LSAT median,Thousands of hours of free law school admissions advice,,,Application opening dates 2026,,,,,,,,,,,,,,,,,,,,,,,,,,,,,,,,,,,,,,,
Law School,2026 25th LSAT,2026 Median LSAT,2026 75th LSAT,2025 25th LSAT,2025 Median LSAT,2025 75th LSAT,Δ 25th LSAT,Δ Median LSAT,Δ 75th LSAT,,2026 25th GPA,2026 Median GPA,2026 75th GPA,2025 25th GPA,2025 Median GPA,2025 75th GPA,Δ 25th GPA,Δ Median GPA,Δ 75th GPA,,2026 Class Size,2025 Class Size,Δ Class Size (#),Δ Class Size (%),,2026 GRE V Median,2026 GRE Q Median,2026 GRE W Median,2025 GRE V Median,2025 GRE Q Median,2025 GRE W Median,Δ GRE V Median,Δ GRE Q Median,Δ GRE W Median,2026 GRE Enrollees,2025 GRE Enrollees,Δ GRE Enrollees,,2026 JD-Next Enrollees,2025 JD-Next Enrollees,Δ JD-Next Enrollees,,Notes/Sources
Washington University (St. Louis),,,,165,175,176,,,,,,,,3.58,3.96,4.00,,,,,,261,,,,,,,,,,,,,,3,,,,1,,,
University of Chicago,,,,171,174,176,,,,,,,,3.87,3.97,4.00,,,,,,203,,,,,,,,,,,,,,4,,,,0,,,
Harvard University,172,174,176,171,174,176,1,0,0,,3.91,3.97,4.00,3.89,3.96,4.00,0.02,0.01,0.00,,561,579,-18,-3.11%,,167,167,5.5,167,166,5.5,0,1,0.0,,37,,,,0,,,https://hls.harvard.edu/jdadmissions/apply-to-harvard-law-school/jdapplicants/hls-profile-and-facts/
Yale University,,,,171,174,177,,,,,,,,3.90,3.96,4.00,,,,,,204,,,,,,,166,167,5.5,,,,,17,,,,0,,,
University of Virginia,168,173,175,168,173,175,0,0,0,,3.82,3.99,4.04,3.83,3.99,4.04,-0.01,0.00,0.00,,303,309,-6,-1.94%,,,,,,,,,,,,3,,,,0,,,https://www.law.virginia.edu/class-2029-profile
Northwestern University,,,,167,173,175,,,,,,,,3.76,3.96,4.00,,,,,,250,,,,,,,166,163,5.0,,,,,16,,,,0,,,
Stanford University,,,,171,173,176,,,,,,,,3.87,3.96,4.00,,,,,,193,,,,,,,167,168,5.0,,,,,11,,,,0,,,
University of Pennsylvania,,,,167,173,174,,,,,,,,3.77,3.95,4.00,,,,,258,265,-7,-2.64%,,,,,,,,,,,,5,,,,0,,,https://www.law.upenn.edu/live/news/18751-welcome-jd-class-of-2029
Columbia University,,,,169,173,175,,,,,,,,3.85,3.92,3.98,,,,,,444,,,,,,,166,164,5.0,,,,,37,,,,0,,,
Cornell University,167,173,175,168,173,175,-1,0,0,,3.77,3.94,4.00,3.75,3.92,3.97,0.02,0.02,0.03,,218,217,1,0.46%,,,,,,,,,,,,6,,,,0,,,https://www.lawschool.cornell.edu/admissions/jd-admissions/class-profile/
New York University,170,173,175,169,172,174,1,1,1,,3.80,3.92,3.97,3.81,3.92,3.97,-0.01,0.00,0.00,,460,452,8,1.77%,,,,,,,,,,,,3,,,,0,,,Official admissions brochure
University of Texas,,173,,166,172,173,,1,,,,3.91,,3.75,3.89,3.96,,0.02,,,320,373,-53,-14.21%,,,,,,,,,,,,4,,,,0,,,https://law.utexas.edu/careers/employers/
University of California-Los Angeles,167,171,172,166,171,172,1,0,0,,3.77,3.96,4.01,3.73,3.95,4.00,0.04,0.01,0.01,,335,328,7,2.13%,,,,,,,,,,,,1,,,,0,,,https://law.ucla.edu/admissions/jd-admissions/class-profile
Georgetown University,,,,166,171,173,,,,,,,,3.75,3.93,3.98,,,,,,672,,,,,,,162,161,5.0,,,,,12,,,,0,,,
Duke University,,,,169,171,172,,,,,,,,3.83,3.91,3.96,,,,,,227,,,,,,,,,,,,,,4,,,,0,,,
University of Michigan,168,172,173,168,171,173,0,1,0,,3.74,3.9,3.96,3.74,3.88,3.95,0.00,0.02,0.01,,322,343,-21,-6.12%,,,,,,,,,,,,0,,,,0,,,Communicated via email and confirmed directly with Spivey Consulting by Michigan Law Dean of Admissions
University of Minnesota,,171,,166,171,173,,0,,,,3.93,,3.62,3.88,3.95,,0.05,,,227,228,-1,-0.44%,,,,,,,,,,,,0,,,,0,,,https://law.umn.edu/magazine/summer-2026/welcome-minnesota-law-class-2029
Brigham Young University,167,172,173,168,170,172,-1,2,1,,3.82,3.95,3.99,3.82,3.95,3.98,0.00,0.00,0.01,,112,122,-10,-8.20%,,,,,,,,,,,,1,,,,0,,,Data sent directly from BYU Law admissions office to Spivey Consulting
University of California-Berkeley,169,171,173,167,170,172,2,1,1,,3.85,3.93,4.00,3.84,3.92,3.99,0.01,0.01,0.01,,365,374,-9,-2.41%,,,,,,,,,,,,6,,,,0,,,https://www.law.berkeley.edu/admissions/jd/entering-class-profile/
Vanderbilt University,167,171,172,167,170,171,0,1,1,,3.74,3.9,3.98,3.77,3.91,3.97,-0.03,-0.01,0.01,,179,172,7,4.07%,,,,,,,,,,,,1,,,,1,,,https://law.vanderbilt.edu/meet-the-vanderbilt-jd-class-of-2029/
University of Notre Dame,,171,,166,170,171,,1,,,,3.9,,3.78,3.89,3.95,,0.01,,,183,185,-2,-1.08%,,,,,,,,,,,,3,,,,0,,,https://www.instagram.com/p/DcjiU5MHHde/
Boston University,164,171,172,164,170,171,0,1,1,,3.70,3.9,3.94,3.71,3.88,3.93,-0.01,0.02,0.01,,234,238,-4,-1.68%,,,,,,,,,,,,0,,,,0,,,https://www.bu.edu/law/admissions-aid/jd-admissions/class-profile/
Texas A&M University,162,170,171,161,169,170,1,1,1,,3.68,4.00,4.00,3.67,4.00,4.00,0.01,0.00,0.00,,120,128,-8,-6.25%,,,,,,,,,,,,1,,,,0,,,Data sent directly from Texas A&M admissions office to Spivey Consulting
George Mason University,,169,,162,169,171,,0,,,,3.94,,3.55,3.93,3.98,,0.01,,,181,159,22,13.84%,,,,,,,,,,,,4,,,,0,,,https://www.law.gmu.edu/admissions/profiles/2026_jd
University of Georgia,,169,,159,169,171,,0,,,,3.93,,3.70,3.92,3.97,,0.01,,,210,186,24,12.90%,,,,,,,,,,,,1,,,,0,,,https://www.law.uga.edu/index.php/news/80104
University of Florida,167,170,171,165,169,170,2,1,1,,3.78,3.97,4.00,3.70,3.91,3.97,0.08,0.06,0.03,,201,229,-28,-12.23%,,,,,,,,,,,,0,,,,0,,,https://law.ufl.edu/admissions-aid/admitted-students/entering-class-profile/
University of Southern California,166,170,171,165,169,170,1,1,1,,3.81,3.93,4.00,3.73,3.91,3.97,0.08,0.02,0.03,,227,228,-1,-0.44%,,,,,,,,,,,,3,,,,0,,,https://gould.usc.edu/academics/degrees/jd/class-profile/
University of California-Irvine,164,170,172,166,169,170,-2,1,2,,3.67,3.87,3.95,3.59,3.8,3.90,0.08,0.07,0.05,,183,189,-6,-3.17%,,,,,,,,,,,,6,,,,0,,,https://test.law.uci.edu/admission/class-profile.html
Ohio State University,,,,163,168,169,,,,,,,,3.64,3.91,3.97,,,,,,159,,,,,,,,,,,,,,0,,,,0,,,
University of North Carolina,168,170,171,165,168,169,3,2,2,,3.70,3.9,3.97,3.78,3.89,3.97,-0.08,0.01,0.00,,184,181,3,1.66%,,,,,,,,,,,,0,,,,0,,,https://law.unc.edu/news/2026/08/record-setting-class-points-to-carolina-laws-growing-national-reach/
George Washington University,,,,162,168,170,,,,,,,,3.55,3.86,3.93,,,,,,612,,,,,,,,,,,,,,5,,,,1,,,
Boston College,165,168,169,162,168,169,3,0,0,,3.72,3.85,3.91,3.67,3.83,3.90,0.05,0.02,0.01,,238,219,19,8.68%,,,,,,,,,,,,4,,,,0,,,https://www.bc.edu/bc-web/schools/law/about/facts.html
Fordham University,167,169,171,165,168,170,2,1,1,,3.67,3.81,3.88,3.60,3.79,3.88,0.07,0.02,0.00,,,444,,,,,,,,,,,,,,9,,,,0,,,https://www.fordham.edu/school-of-law/admissions/jd-admissions/apply-to-fordham-law/entering-class-profiles/
University of Alabama,,,,161,167,168,,,,,,,,3.76,3.97,4.05,,,,,,140,,,,,,,,,,,,,,0,,,,0,,,
Southern Methodist University,,,,163,167,168,,,,,,,,3.52,3.81,3.92,,,,,,254,,,,,,,,,,,,,,1,,,,0,,,
University of Wisconsin,,,,161,167,169,,,,,,,,3.61,3.81,3.93,,,,,,224,,,,,,,,,,,,,,0,,,,0,,,
Washington and Lee University,163,168,169,161,167,168,2,1,1,,3.58,3.81,3.85,3.51,3.75,3.85,0.07,0.06,0.00,,130,131,-1,-0.76%,,,,,,,,,,,,0,,,,0,,,https://law.wlu.edu/admissions/program-information/jd-program/class-of-2029-profile
Florida State University,,169,,158,166,167,,3,,,,3.93,,3.60,3.93,3.99,,0.00,,,116,153,-37,-24.18%,,,,,,,,,,,,2,,,,0,,,https://x.com/FSUCollegeofLaw/status/2089424790721352015
University of Utah,,,,162,166,168,,,,,,,,3.62,3.87,3.94,,,,,,107,,,,,,,,,,,,,,0,,,,0,,,
Emory University,,168,,162,166,168,,2,,,,3.85,,3.68,3.82,3.87,,0.03,,,266,391,-125,-31.97%,,,,,,,,,,,,8,,,,0,,,Data sent directly from Emory admissions to Spivey Consulting
William & Mary,163,167,168,161,166,167,2,1,1,,3.49,3.81,3.91,3.53,3.82,3.94,-0.04,-0.01,-0.03,,176,184,-8,-4.35%,,,,,,,,,,,,0,,,,0,,,https://law.wm.edu/admissions/jdprograms/facts-figures-policies/1lclassprofile/
University of Illinois,164,168,170,160,166,168,4,2,2,,3.55,3.85,3.94,3.55,3.81,3.92,0.00,0.04,0.02,,192,188,4,2.13%,,,,,,,,,,,,0,,,,2,,,https://www.linkedin.com/posts/weve-run-the-numbers-and-the-class-of-2029-ugcPost-7499171967280001024-bIsJ/
Wake Forest University,166,167,169,163,166,168,3,1,1,,3.59,3.79,3.90,3.60,3.79,3.90,-0.01,0.00,0.00,,201,204,-3,-1.47%,,,,,,,,,,,,2,,,,0,,,https://law.wfu.edu/admissions/jd/#facts
Arizona State University,,165,,158,165,167,,0,,,,3.91,,3.58,3.91,3.98,,0.00,,,,266,,,,,,,,,,,,,,0,,,,2,,,https://law.asu.edu/why-asu-law >  https://drive.google.com/file/d/10rZeVnpkgIbpo8VJdi5oGy9cJOZbB1PT/view?usp=sharing
Yeshiva University (Cardozo),164,167,169,162,165,167,2,2,2,,3.60,3.78,3.87,3.56,3.78,3.87,0.04,0.00,0.00,,308,326,-18,-5.52%,,,,,,,,,,,,4,,,,1,,,Data sent directly from Cardozo admissions office to Spivey Consulting
Temple University,162,165,167,162,165,168,0,0,-1,,3.60,3.77,3.89,3.59,3.76,3.90,0.01,0.01,-0.01,,255,237,18,7.59%,,,,,,,,,,,,8,,,,0,,,https://law.temple.edu/admissions/jd/entering-class-profile/
University of Washington,,,,162,165,167,,,,,,,,3.60,3.76,3.86,,,,,,207,,,,,,,,,,,,,,0,,,,0,,,
University of California-Davis,163,165,167,160,165,167,3,0,0,,3.56,3.75,3.87,3.49,3.7,3.87,0.07,0.05,0.00,,257,209,48,22.97%,,,,,,,,,,,,2,,,,0,,,https://law.ucdavis.edu/admissions/jd/student-body-profile
Indiana University-Bloomington,,165,,158,164,166,,1,,,,3.92,,3.63,3.91,3.98,,0.01,,,177,186,-9,-4.84%,,,,,,,,,,,,3,,,,0,,,https://law.indiana.edu/admission/index.html
University of Tennessee,,165,,160,164,166,,1,,,,3.89,,3.67,3.89,3.95,,0.00,,,144,140,4,2.86%,,,,,,,,,,,,0,,,,0,,,https://winston.utk.edu/admissions/incoming-class/
Wayne State University,,,,157,164,166,,,,,,,,3.56,3.89,3.95,,,,,,129,,,,,,,,,,,,,,0,,,,0,,,
Pepperdine University,162,165,167,161,164,167,1,1,0,,3.64,3.86,3.93,3.61,3.85,3.94,0.03,0.01,-0.01,,230,227,3,1.32%,,,,,,,,,,,,2,,,,0,,,https://law.pepperdine.edu/about/at-a-glance/
St. John's University,160,166,168,156,164,166,4,2,2,,3.49,3.76,3.89,3.44,3.81,3.91,0.05,-0.05,-0.02,,260,241,19,7.88%,,,,,,,,,,,,0,,,,0,,,https://www.stjohns.edu/law/admissions/jd-admissions/what-prospective-students-should-know
University of Colorado,163,166,168,161,164,167,2,2,1,,3.66,3.83,3.93,3.62,3.81,3.91,0.04,0.02,0.02,,186,199,-13,-6.53%,,,,,,,,,,,,0,,,,0,,,https://www.colorado.edu/law/admissions/entering-class-profile
University of Richmond,160,165,166,159,164,167,1,1,-1,,3.52,3.81,3.88,3.66,3.81,3.92,-0.14,0.00,-0.04,,138,146,-8,-5.48%,,,,,,,,,,,,2,,,,0,,,https://law.richmond.edu/admissions/profile.html
Villanova University,161,166,167,159,164,166,2,2,1,,3.64,3.81,3.91,3.64,3.80,3.90,0.00,0.01,0.01,,193,232,-39,-16.81%,,,,,,,,,,,,0,,,,0,,,https://www.villanova.edu/university/law/admissions/how-to-apply/class-profile.html
University of Miami,,165,,160,164,165,,1,,,,3.82,,3.58,3.79,3.88,,0.03,,,306,313,-7,-2.24%,,,,,,,,,,,,3,,,,0,,,https://news.miami.edu/law/stories/2026/08/class-of-2029-sets-new-benchmarks-for-academic-achievement-in-most-selective-admissions-cycle-in-school-history.html
University of Iowa,,165,,161,164,165,,1,,,,3.81,,3.62,3.78,3.92,,0.03,,,181,159,22,13.84%,,,,,,,,,,,,0,,,,0,,,
Baylor University,162,167,168,159,164,165,3,3,3,,3.22,3.80,3.89,3.49,3.77,3.89,-0.27,0.03,0.00,,,165,,,,,,,,,,,,,,0,,,,0,,,https://law.baylor.edu/admissions/apply/quick-facts
Northeastern University,,,,161,164,166,,,,,,,,3.61,3.77,3.86,,,,,,283,,,,,,,,,,,,,,1,,,,0,,,
University of Maryland,,164,,156,164,166,,0,,,,3.82,,3.37,3.72,3.88,,0.10,,,235,229,6,2.62%,,,,,,,,,,,,9,,,,0,,,
University of San Diego,163,166,168,160,163,165,3,3,3,,3.61,3.84,3.93,3.59,3.84,3.92,0.02,0.00,0.01,,242,240,2,0.83%,,,,,,,,,,,,1,,,,1,,,https://www.sandiego.edu/law/admissions/jd/enrollment-statistics.php
University of Houston,,165,,160,163,165,,2,,,,3.79,,3.56,3.79,3.90,,0.00,,,212,249,-37,-14.86%,,,,,,,,,,,,5,,,,0,,,https://law.uh.edu/news/fall2026/Orientation2026.asp
University of Arizona,,,,162,163,165,,,,,,,,3.54,3.78,3.90,,,,,,110,,,,,,,,,,,,,,0,,,,22,,,
Loyola Marymount University-Los Angeles,160,164,166,160,163,165,0,1,1,,3.61,3.79,3.91,3.52,3.74,3.89,0.09,0.05,0.02,,339,338,1,0.30%,,,,,,,,,,,,1,,,,0,,,https://www.lls.edu/admissions/degreeprograms/jdprograms/classprofile/ -- full-time/day program stats only listed here; see link for PT/evening program stats
Chapman University,,164,,156,163,164,,1,,,,3.71,,3.32,3.70,3.82,,0.01,,,159,153,6,3.92%,,,,,,,,,,,,0,,,,0,,,https://www.facebook.com/ChapmanLawSchool/posts/and-just-like-that-were-launched-welcome-fowler-school-of-law-class-of-20291l-or/1700236892107850/
University of Kansas,,164,,158,162,164,,2,,,,3.8,,3.58,3.85,3.95,,-0.05,,,123,122,1,0.82%,,,,,,,,,,,,0,,,,0,,,https://law.ku.edu/admissions/profile
University of Connecticut,,,,160,162,164,,,,,,,,3.55,3.78,3.90,,,,,,151,,,,,,,,,,,,,,0,,,,0,,,
Case Western Reserve University,,,,156,162,164,,,,,,,,3.51,3.76,3.89,,,,,,180,,,,,,,,,,,,,,6,,,,1,,,
Michigan State University,158,163,165,158,162,164,0,1,1,,3.42,3.76,3.89,3.47,3.73,3.87,-0.05,0.03,0.02,,160,150,10,6.67%,,,,,,,,,,,,0,,,,0,,,https://law.msu.edu/admissions/apply/class-profile
University of Oklahoma,,,,159,162,164,,,,,,,,3.42,3.73,3.88,,,,,,200,,,,,,,,,,,,,,0,,,,0,,,
University of South Carolina,,164,,160,162,164,,2,,,,3.77,,3.43,3.67,3.86,,0.10,,,214,221,-7,-3.17%,,,,,,,,,,,,0,,,,0,,,https://www.sc.edu/study/colleges_schools/law/about/news/2026/classof2029.php
American University,158,163,164,157,162,163,1,1,1,,3.31,3.65,3.76,3.32,3.63,3.75,-0.01,0.02,0.01,,418,405,13,3.21%,,,,,,,,,,,,4,,,,0,,,https://www.american.edu/wcl/school/admissions/jd/apply/first-year/profile.cfm
Belmont University,159,162,164,158,161,163,1,1,1,,3.62,3.81,3.92,3.66,3.84,3.94,-0.04,-0.03,-0.02,,147,136,11,8.09%,,,,,,,,,,,,0,,,,0,,,https://www.belmont.edu/law/admissions/viewbook.html
Florida International University,,162,,159,161,162,,1,,,,3.84,,3.66,3.8,3.89,,0.04,,,171,175,-4,-2.29%,,,,,,,,,,,,0,,,,1,,,https://law.fiu.edu/news-events/news/2026/a-new-chapter-begins-fiu-law-welcomes-record-setting-class-of-2029.html
Chicago-Kent College of Law-IIT,,162,,156,161,164,,1,,,,3.75,,3.45,3.72,3.89,,0.03,,,279,245,34,13.88%,,,,,,,,,,,,2,,,,0,,,https://www.iit.edu/news/chicago-kent-welcomes-its-most-selective-incoming-class
University of Missouri,159,162,164,156,161,162,3,1,2,,3.68,3.82,3.95,3.47,3.72,3.91,0.21,0.10,0.04,,131,129,2,1.55%,,,,,,,,,,,,0,,,,0,,,https://law.missouri.edu/admissions/class-profile/
Seton Hall University,159,162,164,158,161,164,1,1,0,,3.52,3.73,3.85,3.51,3.71,3.86,0.01,0.02,-0.01,,324,302,22,7.28%,,,,,,,,,,,,2,,,,0,,,https://preview.redd.it/2026-law-school-median-tracker-v0-24ql3z02yzmh1.png?width=2208&format=png&auto=webp&s=70c55ab6191dc5944590ea7ef109278cc773b90f
University of California-San Francisco,159,162,164,158,161,163,1,1,1,,3.54,3.73,3.85,3.55,3.71,3.83,-0.01,0.02,0.02,,460,380,80,21.05%,,,,,,,,,,,,4,,,,0,,,https://www.uclawsf.edu/admissions/class-profile/
Loyola University-Chicago,,,,159,161,163,,,,,,,,3.55,3.7,3.83,,,,,,296,,,,,,,,,,,,,,0,,,,0,,,
Catholic University of America,161,163,164,158,161,163,3,2,1,,3.61,3.75,3.85,3.46,3.68,3.85,0.15,0.07,0.00,,190,182,8,4.40%,,,,,,,,,,,,0,,,,0,,,https://drive.google.com/file/d/1vr44VeJPGkOThg2LByBh_iSnSYN38lRv/view
Tulane University,159,164,165,159,161,164,0,3,1,,3.53,3.75,3.83,3.47,3.67,3.81,0.06,0.08,0.02,,234,241,-7,-2.90%,,,,,,,,,,,,0,,,,0,,,https://law.tulane.edu/facts-stats-and-faqs
Brooklyn Law School,159,162,164,158,161,163,1,1,1,,3.42,3.64,3.78,3.37,3.59,3.75,0.05,0.05,0.03,,424,414,10,2.42%,,,,,,,,,,,,9,,,,0,,,https://www.brooklaw.edu/admissions/admission-stats/
Lewis & Clark,159,162,166,158,161,166,1,1,0,,3.32,3.61,3.83,3.24,3.59,3.79,0.08,0.02,0.04,,208,176,32,18.18%,,,,,,,,,,,,0,,,,0,,,https://law.lclark.edu/offices/admissions/who_we_are/entering_class_profile/
University of Nebraska,,,,156,160,162,,,,,,,,3.60,3.81,3.98,,,,,,154,,,,,,,,,,,,,,0,,,,0,,,
Drexel University,156,160,162,154,160,162,2,0,0,,3.50,3.8,3.91,3.35,3.76,3.87,0.15,0.04,0.04,,169,181,-12,-6.63%,,,,,,,,,,,,2,,,,0,,,https://drexel.edu/law/about/facts/
University of Nevada-Las Vegas,155,160,162,156,160,162,-1,0,0,,3.42,3.75,3.88,3.39,3.76,3.88,0.03,-0.01,0.00,,130,156,-26,-16.67%,,,,,,,,,,,,0,,,,0,,,https://law.unlv.edu/about/class-profile
University of Denver,157,161,163,156,160,162,1,1,1,,3.42,3.70,3.83,3.36,3.66,3.80,0.06,0.04,0.03,,276,285,-9,-3.16%,,,,,,,,,,,,1,,,,0,,,https://law.du.edu/sites/default/files/2026-08/26-DU-100-AtAGlance.pdf
Georgia State University,159,161,164,158,160,163,1,1,1,,3.49,3.69,3.85,3.45,3.64,3.82,0.04,0.05,0.03,,265,237,28,11.81%,,,,,,,,,,,,0,,,,0,,,https://law.gsu.edu/admissions/
University of Oregon,,,,157,160,162,,,,,,,,3.32,3.62,3.79,,,,,,186,,,,,,,,,,,,,,0,,,,0,,,
University of Pittsburgh,160,163,165,158,160,163,2,3,2,,3.34,3.58,3.77,3.26,3.54,3.74,0.08,0.04,0.03,,154,155,-1,-0.65%,,,,,,,,,,,,2,,,,6,,,https://www.law.pitt.edu/index%2ephp/admissions/apply-pitt-law
University of Cincinnati,157,159,162,156,159,161,1,0,1,,3.72,3.85,3.96,3.64,3.8,3.91,0.08,0.05,0.05,,162,139,23,16.55%,,,,,,,,,,,,0,,,,1,,,https://www.law.uc.edu/jd-program/jd-class-profile.html
University of Kentucky,,,,156,159,162,,,,,,,,3.52,3.72,3.90,,,,,,147,,,,,,,,,,,,,,0,,,,0,,,
University of St. Thomas (Minnesota),156,160,164,155,159,162,1,1,2,,3.52,3.7,3.86,3.46,3.72,3.88,0.06,-0.02,-0.02,,172,168,4,2.38%,,,,,,,,,,,,0,,,,0,,,https://law.stthomas.edu/jd-program/admissions-tuition/
Penn State-Dickinson,,,,157,159,161,,,,,,,,3.50,3.71,3.86,,,,,,215,,,,,,,,,,,,,,2,,,,0,,,
Texas Tech University,,161,,157,159,160,,2,,,,3.73,,3.41,3.69,3.85,,0.04,,,,168,,,,,,,,,,,,,,0,,,,0,,,https://www.depts.ttu.edu/law/admissions/
Stetson University,,,,157,159,162,,,,,,,,3.42,3.63,3.81,,,,,,336,,,,,,,,,,,,,,0,,,,0,,,
Seattle University,,161,163,155,159,162,,2,1,,,3.64,3.83,3.22,3.6,3.80,,0.04,0.03,,214,209,5,2.39%,,,,,,,,,,,,5,,,,5,,,https://law.seattleu.edu/about/newscenter/all-current-stories/incoming-jd-class-hits-academic-record-second-year-in-row.html
Santa Clara University,,161,,157,159,162,,2,,,,3.52,,3.21,3.5,3.74,,0.02,,,,256,,,,,,,158,156,4.0,,,,,18,,,,0,,,https://law.scu.edu/centers/hightech/datta-center-for-high-tech-law-news/2026/a-new-academic-year-a-growing-high-tech-law-community.html
University of Arkansas,,,,155,158,161,,,,,,,,3.54,3.71,3.87,,,,,,135,,,,,,,,,,,,,,0,,,,0,,,
Marquette University,157,159,162,156,158,160,1,1,2,,3.63,3.77,3.87,3.50,3.7,3.83,0.13,0.07,0.04,,189,218,-29,-13.30%,,,,,,,,,,,,0,,,,0,,,https://law.marquette.edu/prospective-students/class-profiles
University of Maine,156,160,163,154,158,162,2,2,1,,3.38,3.71,3.87,3.41,3.7,3.80,-0.03,0.01,0.07,,100,104,-4,-3.85%,,,,,,,,,,,,0,,,,0,,,https://mainelaw.edu/admissions/entering-class-profile/
Regent University,,,,153,158,161,,,,,,,,3.37,3.68,3.89,,,,,,127,,,,,,,,,,,,,,0,,,,0,,,
Rutgers University,157,160,163,155,158,161,2,2,2,,3.40,3.67,3.85,3.35,3.66,3.82,0.05,0.01,0.03,,498,489,9,1.84%,,,,,,,,,,,,0,,,,0,,,https://law.rutgers.edu/admissions/quick-facts
University of Hawaii,157,159,162,155,158,162,2,1,0,,3.40,3.61,3.81,3.40,3.62,3.80,0.00,-0.01,0.01,,142,140,2,1.43%,,,,,157,149,4.5,,,,,15,,,,0,,,Data sent directly from University of Hawaii admissions office to Spivey Consulting
DePaul University,155,159,161,154,158,160,1,1,1,,3.43,3.72,3.87,3.17,3.61,3.80,0.26,0.11,0.07,,247,186,61,32.80%,,,,,,,,,,,,1,,,,1,,,https://law.depaul.edu/admission/jd-admission/enrollment-statistics
Syracuse University,156,159,161,154,158,160,2,1,1,,3.30,3.6,3.78,3.18,3.6,3.77,0.12,0.00,0.01,,333,271,62,22.88%,,,,,161,157,4.0,,,,,16,,,,0,,,https://law.syracuse.edu/admissions/j-d-admissions/class-profile/
Albany Law School,,,,154,158,161,,,,,,,,3.16,3.54,3.75,,,,,,237,,,,,,,,,,,,,,4,,,,0,,,
Louisiana State University,,,,155,157,160,,,,,,,,3.48,3.74,3.93,,,,,,230,,,,,,,,,,,,,,0,,,,0,,,
University at Buffalo,156,159,162,155,157,161,1,2,1,,3.53,3.73,3.89,3.51,3.71,3.88,0.02,0.02,0.01,,149,167,-18,-10.78%,,,,,,,,,,,,0,,,,0,,,https://www.law.buffalo.edu/admissions/class-profile.html
University of Mississippi,,,,155,157,160,,,,,,,,3.44,3.68,3.87,,,,,,160,,,,,,,,,,,,,,0,,,,0,,,
University of Louisville,153,156,159,154,157,161,-1,-1,-2,,3.29,3.67,3.89,3.32,3.67,3.90,-0.03,0.00,-0.01,,122,145,-23,-15.86%,,,,,,,,,,,,0,,,,0,,,https://law.louisville.edu/admission/viewbook
Hofstra University,,,,154,157,160,,,,,,,,3.35,3.65,3.83,,,,,,263,,,,,,,,,,,,,,2,,,,1,,,
New York Law School,154,158,161,154,157,160,0,1,1,,3.45,3.67,3.82,3.41,3.63,3.78,0.04,0.04,0.04,,,409,,,,,,,,,,,,,,0,,,,0,,,https://www.nyls.edu/admissions/facts-and-stats/
Duquesne University,157,159,162,155,157,160,2,2,2,,3.40,3.61,3.84,3.35,3.62,3.85,0.05,-0.01,-0.01,,226,186,40,21.51%,,,,,,,,,,,,6,,,,0,,,https://www.duq.edu/documents/academics/colleges-and-schools/law/admissionsbythenumbers-senses-sept2026.pdf
Mercer University,156,159,161,155,157,160,1,2,1,,3.36,3.63,3.80,3.30,3.62,3.80,0.06,0.01,0.00,,157,152,5,3.29%,,,,,,,,,,,,2,,,,0,,,https://law.mercer.edu/admissions/jd-admissions/
Saint Louis University,,,,154,157,161,,,,,,,,3.37,3.61,3.83,,,,,,222,,,,,,,,,,,,,,0,,,,0,,,
University of Dayton,155,158,161,154,157,160,1,1,1,,3.42,3.64,3.86,3.31,3.6,3.87,0.11,0.04,-0.01,,185,168,17,10.12%,,,,,,,,,,,,6,,,,17,,,https://udayton.edu/law/admissions/class-profile.php
University of New Mexico,,,,154,157,161,,,,,,,,3.12,3.56,3.82,,,,,,108,,,,,,,,,,,,,,0,,,,0,,,
Southwestern Law School,,,,154,157,160,,,,,,,,3.23,3.51,3.72,,,,,,459,,,,,,,,,,,,,,0,,,,0,,,
University of Tulsa,,,,155,157,160,,,,,,,,3.27,3.45,3.72,,,,,,118,,,,,,,,,,,,,,0,,,,0,,,
Drake University,,,,153,156,159,,,,,,,,3.38,3.67,3.89,,,,,,141,,,,,,,,,,,,,,0,,,,0,,,
University of Missouri-Kansas City,156,158,161,154,156,159,2,2,2,,3.42,3.62,3.81,3.33,3.65,3.80,0.09,-0.03,0.01,,143,143,0,0.00%,,,,,,,,,,,,0,,,,0,,,https://law.umkc.edu/docs/stat-card.pdf
University of Montana,,,,153,156,159,,,,,,,,3.33,3.64,3.80,,,,,,95,,,,,,,,,,,,,,3,,,,0,,,
Howard University,,,,153,156,160,,,,,,,,3.40,3.63,3.80,,,,,,176,,,,,,,,,,,,,,0,,,,0,,,
Samford University,,157,,154,156,160,,1,,,,3.7,,3.42,3.63,3.84,,0.07,,,182,170,12,7.06%,,,,,,,,,,,,0,,,,0,,,https://www.samford.edu/law/news/2026/Cumberland-School-of-Law-Class-of-2029-Boasts-Record-Academic-Credentials-Commitment-to-Service?fbclid=IwY2xjawT6ibdwZG9mBWV4dG4DYWVtAjEwAGJyaWQRMTd5aUFIWVlvdTc0YWtNbmlzcnRjBmFwcF9pZBAyMjIwMzkxNzg4MjAwODkyAAEe5w_PLTuvDP5J-GqdDfnRy64rtHU74tOfDhmXRkEKd872LIMZHNvkO4j88tc_aem_ZJJlmT0f_teWmKDxOoNKXg
University of Wyoming,,,,153,156,160,,,,,,,,3.32,3.55,3.80,,,,,,74,,,,,,,,,,,,,,0,,,,0,,,
University of Detroit Mercy,,,,154,156,159,,,,,,,,3.16,3.52,3.73,,,,,,247,,,,,,,,,,,,,,0,,,,0,,,
University of the Pacific,154,157,161,153,156,160,1,1,1,,3.17,3.51,3.73,3.17,3.52,3.73,0.00,-0.01,0.00,,257,213,44,20.66%,,,,,,,,,,,,4,,,,0,,,https://www.pacific.edu/law/entering-class
Campbell University,,,,152,156,159,,,,,,,,3.21,3.51,3.77,,,,,,202,,,,,,,,,,,,,,0,,,,0,,,
Jacksonville University College of Law,,,,154,156,159,,,,,,,,3.28,3.48,3.68,,,,,110,70,40,57.14%,,,,,,,,,,,,0,,,,0,,,https://www.ju.edu/news/2026-8-10-ju-college-of-law-welcomes-largest-class-ever.php
Washburn University,,,,151,155,159,,,,,,,,3.37,3.68,3.88,,,,,,137,,,,,,,,,,,,,,2,,,,0,,,
Quinnipiac University,,157,,153,155,158,,2,,,,3.68,,3.41,3.65,3.84,,0.03,,,143,135,8,5.93%,,,,,,,,,,,,0,,,,0,,,https://law.qu.edu/admissions/class-profile/
West Virginia University,,,,151,155,159,,,,,,,,3.34,3.65,3.89,,,,,,114,,,,,,,,,,,,,,1,,,,0,,,
Indiana University-Indianapolis,,,,152,155,159,,,,,,,,3.33,3.58,3.82,,,,,,280,,,,,,,,,,,,,,6,,,,0,,,
Suffolk University,152,156,161,152,155,159,0,1,2,,3.41,3.63,3.81,3.37,3.58,3.79,0.04,0.05,0.02,,546,544,2,0.37%,,,,,,,,,,,,7,,,,5,,,https://www.suffolk.edu/law/admission/1l-stats
Gonzaga University,,,,153,155,158,,,,,,,,3.24,3.55,3.76,,,,,,203,,,,,,,,,,,,,,0,,,,0,,,
City University of New York,,,,152,155,161,,,,,,,,3.26,3.54,3.77,,,,,,219,,,,,,,,,,,,,,0,,,,2,,,
University of Memphis,,,,152,155,159,,,,,,,,3.22,3.53,3.77,,,,,,96,,,,,,,,,,,,,,0,,,,0,,,
Nova Southeastern University,,,,152,155,158,,,,,,,,3.34,3.52,3.71,,,,,,225,,,,,,,,,,,,,,0,,,,0,,,
California Western School of Law,154,157,160,152,155,158,2,2,2,,3.19,3.54,3.73,3.16,3.5,3.66,0.03,0.04,0.07,,241,242,-1,-0.41%,,,,,,,,,,,,8,,,,7,,,https://www.cwsl.edu/admissions_and_aid/class_profile.html
Cleveland State University,,,,152,155,158,,,,,,,,3.11,3.5,3.76,,,,,,195,,,,,,,,,,,,,,8,,,,2,,,
University of New Hampshire,,,,151,155,159,,,,,,,,3.10,3.5,3.72,,,,,,248,,,,,,,155,148,4.0,,,,,23,,,,0,,,
University of San Francisco,,,,152,155,157,,,,,,,,3.16,3.47,3.68,,,,,,201,,,,,,,,,,,,,,0,,,,0,,,
University of Baltimore,,,,152,155,158,,,,,,,,3.12,3.45,3.70,,,,,,248,,,,,,,,,,,,,,6,,,,0,,,
South Texas College of Law Houston,,,,153,155,158,,,,,,,,3.08,3.41,3.65,,,,,,437,,,,,,,,,,,,,,9,,,,0,,,
Ave Maria School of Law,,,,152,155,158,,,,,,,,3.07,3.36,3.66,,,,,,165,,,,,,,,,,,,,,0,,,,0,,,
Liberty University,,,,151,154,158,,,,,,,,3.36,3.54,3.81,,,,,,141,,,,,,,,,,,,,,0,,,,0,,,
Pace University,,,,151,154,157,,,,,,,,3.31,3.54,3.74,,,,,,324,,,,,,,,,,,,,,4,,,,0,,,
Charleston School of Law,,155,,152,154,157,,1,,,,3.56,,3.26,3.51,3.75,,0.05,,,,241,,,,,,,,,,,,,,1,,,,5,,,https://charlestonlaw.edu/
University of Akron,152,155,158,151,154,157,1,1,1,,3.32,3.57,3.83,3.22,3.51,3.76,0.10,0.06,0.07,,195,203,-8,-3.94%,,,,,,,,,,,,7,,,,0,,,https://www.uakron.edu/law/admissions/facts.dot
Willamette University,,,,151,154,157,,,,,,,,3.22,3.48,3.70,,,,,,139,,,,,,,,,,,,,,5,,,,0,,,
Loyola University-New Orleans,,,,151,154,157,,,,,,,,3.21,3.47,3.71,,,,,,223,,,,,,,,,,,,,,3,,,,2,,,
Northern Kentucky University,,,,152,154,157,,,,,,,,3.15,3.41,3.68,,,,,,155,,,,,,,,,,,,,,4,,,,0,,,
Elon University,,,,151,154,158,,,,,,,,3.11,3.4,3.70,,,,,,228,,,,,,,,,,,,,,0,,,,0,,,
Mitchell Hamline,,,,151,154,158,,,,,,,,2.96,3.29,3.60,,,,,,364,,,,,,,,,,,,,,0,,,,0,,,
University of Idaho,,,,149,153,157,,,,,,,,3.07,3.54,3.81,,,,,,197,,,,,,,,,,,,,,0,,,,0,,,
University of Toledo,,,,150,153,156,,,,,,,,3.37,3.53,3.79,,,,,,126,,,,,,,,,,,,,,3,,,,2,,,
Creighton University,,,,150,153,156,,,,,,,,3.14,3.51,3.74,,,,,,162,,,,,,,,,,,,,,0,,,,7,,,
St. Mary's University,,,,151,153,156,,,,,,,,3.14,3.49,3.69,,,,,,282,,,,,,,,,,,,,,0,,,,0,,,
Lincoln Memorial,,,,150,153,156,,,,,,,,3.08,3.44,3.68,,,,,,163,,,,,,,,,,,,,,4,,,,0,,,
University of Arkansas-Little Rock,,,,150,153,158,,,,,,,,2.98,3.41,3.72,,,,,,154,,,,,,,,,,,,,,0,,,,3,,,
University of North Texas-Dallas,,,,151,153,156,,,,,,,,3.18,3.41,3.66,,,,,,130,,,,,,,,,,,,,,0,,,,0,,,
University of Illinois-Chicago,,,,150,153,156,,,,,,,,3.13,3.4,3.64,,,,,,379,,,,,,,,,,,,,,13,,,,0,,,
New England Law-Boston,,155,,149,153,157,,2,,,,,,3.06,3.37,3.68,,,,,,451,,,,,,,,,,,,,,5,,,,8,,,https://www.instagram.com/p/DcQ2vXkDZNp/?img_index=6
Touro College,,,,151,153,156,,,,,,,,3.05,3.35,3.66,,,,,,223,,,,,,,,,,,,,,4,,,,0,,,
Western New England University,,,,149,153,156,,,,,,,,2.84,3.27,3.57,,,,,,115,,,,,,,,,,,,,,0,,,,5,,,
University of Puerto Rico,,,,146,152,156,,,,,,,,3.57,3.77,3.90,,,,,,122,,,,,,,,,,,,,,0,,,,0,,,
Florida A&M University,,,,149,152,155,,,,,,,,3.18,3.48,3.74,,,,,,177,,,,,,,,,,,,,,0,,,,0,,,
University of South Dakota,,152,,149,152,156,,0,,,,3.63,,3.16,3.47,3.81,,0.16,,,96,88,8,9.09%,,,,,,,,,,,,0,,,,0,,,https://www.usd.edu/academics/colleges-and-schools/knudson-school-of-law/south-dakotan-lawyer/usd-knudson-school-of-law-welcomes-class-of-2029
St. Thomas University (Florida),,,,149,152,156,,,,,,,,3.11,3.42,3.65,,,,,,431,,,,,,,,,,,,,,0,,,,0,,,
Mississippi College,,,,148,152,155,,,,,,,,3.03,3.37,3.73,,,,,,179,,,,,,,,,,,,,,0,,,,0,,,
University of Massachusetts-Dartmouth,,,,149,152,155,,,,,,,,3.10,3.36,3.69,,,,,,141,,,,,,,152,152,3.5,,,,,10,,,,6,,,
"Western State, Westcliff University",,,,150,152,156,,,,,,,,3.03,3.36,3.62,,,,,,117,,,,,,,,,,,,,,0,,,,0,,,
Widener University-Delaware,,,,149,152,154,,,,,,,,2.95,3.33,3.60,,,,,,277,,,,,,,,,,,,,,0,,,,3,,,
Vermont Law School,,,,148,152,157,,,,,,,,2.81,3.25,3.61,,,,,,290,,,,,,,,,,,,,,5,,,,0,,,
Atlanta's John Marshall Law School,,,,150,152,155,,,,,,,,2.78,3.13,3.49,,,,,,138,,,,,,,,,,,,,,0,,,,0,,,
Oklahoma City University,,,,149,151,155,,,,,,,,3.21,3.56,3.78,,,,,161,160,1,0.63%,,,,,,,,,,,,0,,,,0,,,https://www.instagram.com/p/Db3Te3ajg0B/
University of North Dakota,,,,148,151,155,,,,,,,,3.24,3.48,3.75,,,,,,97,,,,,,,,,,,,,,0,,,,0,,,
Capital University,149,152,156,148,151,157,1,1,-1,,3.08,3.47,3.76,3.07,3.44,3.66,0.01,0.03,0.10,,210,180,30,16.67%,,,,,,,,,,,,0,,,,0,,,https://www.law.capital.edu/admission-aid/class-profile/
North Carolina Central University,,,,149,151,154,,,,,,,,3.05,3.31,3.56,,,,,,133,,,,,,,,,,,,,,0,,,,0,,,
University of the District of Columbia,,,,148,151,153,,,,,,,,3.05,3.28,3.55,,,,,,83,,,,,,,,,,,,,,0,,,,0,,,
Roger Williams University,,,,147,150,154,,,,,,,,3.02,3.43,3.73,,,,,,189,,,,,,,,,,,,,,0,,,,0,,,
Northern Illinois University,,,,148,150,154,,,,,,,,3.17,3.41,3.64,,,,,,134,,,,,,,,,,,,,,0,,,,0,,,
Faulkner University,,,,148,150,154,,,,,,,,2.99,3.33,3.66,,,,,,167,,,,,,,,,,,,,,1,,,,0,,,
Texas Southern University,,,,148,150,152,,,,,,,,2.99,3.33,3.62,,,,,,221,,,,,,,,,,,,,,5,,,,0,,,
Widener University-Commonwealth,,,,147,150,153,,,,,,,,2.98,3.33,3.64,,,,,,159,,,,,,,,,,,,,,1,,,,0,,,
Barry University,,,,148,150,152,,,,,,,,2.93,3.23,3.48,,,,,,258,,,,,,,,,,,,,,0,,,,0,,,
Southern Illinois University,,,,146,149,155,,,,,,,,2.93,3.38,3.78,,,,,,133,,,,,,,,,,,,,,2,,,,0,,,
Ohio Northern University,,,,146,149,151,,,,,,,,3.06,3.34,3.67,,,,,,129,,,,,,,,,,,,,,0,,,,0,,,
Wilmington University,,,,146,149,152,,,,,,,,2.67,3.13,3.49,,,,,,75,,,,,,,,,,,,,,6,,,,0,,,
Southern University,,,,145,147,150,,,,,,,,2.86,3.15,3.48,,,,,,300,,,,,,,,,,,,,,0,,,,0,,,
Cooley Law School,,,,145,147,151,,,,,,,,2.67,3.09,3.45,,,,,,237,,,,,,,,,,,,,,0,,,,6,,,
Appalachian School of Law,,,,145,146,151,,,,,,,,2.72,3.2,3.53,,,,,112,92,20,21.74%,,,,,,,,,,,,0,,,,0,,,https://www.facebook.com/theAppalachianSchoolofLaw/photos/115-new-students-one-extraordinary-milestonetoday-appalachian-school-of-law-offi/1510446637764416/
Inter American University of Puerto Rico,,,,140,144,148,,,,,,,,3.18,3.39,3.65,,,,,,205,,,,,,,,,,,,,,0,,,,0,,,
Pontifical Catholic University of Puerto Rico,,,,136,139,143,,,,,,,,2.97,3.33,3.61,,,,,,161,,,,,,,,,,,,,,0,,,,0,,,